<?xml version="1.0" encoding="utf-8"?>
<edmx:Edmx Version="3.0" xmlns:edmx="http://schemas.microsoft.com/ado/2009/11/edmx">
 <!-- EF Designer content (DO NOT EDIT MANUALLY BELOW HERE) -->
  <edmx:Designer xmlns="http://schemas.microsoft.com/ado/2009/11/edmx">
    <!-- Diagram content (shape and connector positions) -->
    <edmx:Diagrams>
      <Diagram DiagramId="22056720f8f54d49abec06e5e155c6b8" Name="Diagram1">
        <EntityTypeShape EntityType="SchoolDBModel.Course" Width="1.5" PointX="5.25" PointY="5.75" IsExpanded="true" />
        <EntityTypeShape EntityType="SchoolDBModel.Standard" Width="1.5" PointX="0.75" PointY="2.75" IsExpanded="true" />
        <EntityTypeShape EntityType="SchoolDBModel.Student" Width="1.5" PointX="7.5" PointY="4.125" IsExpanded="true" />
        <EntityTypeShape EntityType="SchoolDBModel.StudentAddress" Width="1.5" PointX="9.75" PointY="4.25" IsExpanded="true" />
        <EntityTypeShape EntityType="SchoolDBModel.Teacher" Width="1.5" PointX="3" PointY="5.875" IsExpanded="true" />
        <AssociationConnector Association="SchoolDBModel.FK_Course_Teacher" ManuallyRouted="false" />
        <AssociationConnector Association="SchoolDBModel.FK_Student_Standard" ManuallyRouted="false" />
        <AssociationConnector Association="SchoolDBModel.FK_Teacher_Standard" ManuallyRouted="false" />
        <AssociationConnector Association="SchoolDBModel.FK_StudentAddress_Student" ManuallyRouted="false" />
        <AssociationConnector Association="SchoolDBModel.StudentCourse" ManuallyRouted="false" />
      </Diagram>
    </edmx:Diagrams>
  </edmx:Designer>
</edmx:Edmx>